{"entities":{"pages":{"Section-Starting-Page":{"id":"Section-Starting-Page","title":"Section Starting Page","url":"section-starting-page.html","level":0,"tabIndex":0},"Starter":{"id":"Starter","title":"Starter","url":"starter.html","level":0,"tabIndex":1},"계정관리":{"id":"계정관리","title":"계정관리","url":"계정관리.html","level":0,"pages":["계정관리-진단기준"],"tabIndex":2},"계정관리-진단기준":{"id":"계정관리-진단기준","title":"진단기준","url":"계정관리-진단기준.html","level":1,"parentId":"계정관리","pages":["취약한-패스워드-사용","Shadow-패스워드-정책","계정잠금-임계값-설정","패스워드-최소길이-설정","패스워드-최대-최소기간-설정"],"tabIndex":0},"취약한-패스워드-사용":{"id":"취약한-패스워드-사용","title":"취약한 패스워드 사용","url":"취약한-패스워드-사용.html","level":2,"parentId":"계정관리-진단기준","tabIndex":0},"Shadow-패스워드-정책":{"id":"Shadow-패스워드-정책","title":"Shadow 패스워드 정책","url":"shadow-패스워드-정책.html","level":2,"parentId":"계정관리-진단기준","tabIndex":1},"계정잠금-임계값-설정":{"id":"계정잠금-임계값-설정","title":"계정잠금 임계값 설정","url":"계정잠금-임계값-설정.html","level":2,"parentId":"계정관리-진단기준","tabIndex":2},"패스워드-최소길이-설정":{"id":"패스워드-최소길이-설정","title":"패스워드 최소길이 설정","url":"패스워드-최소길이-설정.html","level":2,"parentId":"계정관리-진단기준","tabIndex":3},"패스워드-최대-최소기간-설정":{"id":"패스워드-최대-최소기간-설정","title":"패스워드 최대/최소기간 설정","url":"패스워드-최대-최소기간-설정.html","level":2,"parentId":"계정관리-진단기준","tabIndex":4},"scm":{"id":"scm","title":"형상관리","url":"scm.html","level":0,"pages":["scm-tool","형상관리-실습"],"tabIndex":3},"scm-tool":{"id":"scm-tool","title":"형상관리 툴","url":"scm-tool.html","level":1,"parentId":"scm","tabIndex":0},"형상관리-실습":{"id":"형상관리-실습","title":"실습","url":"형상관리-실습.html","level":1,"parentId":"scm","pages":["SVN-실습"],"tabIndex":1},"SVN-실습":{"id":"SVN-실습","title":"SVN 실습 - Local 환경","url":"svn-실습.html","level":2,"parentId":"형상관리-실습","tabIndex":0},"컨테이너":{"id":"컨테이너","title":"컨테이너","url":"컨테이너.html","level":0,"pages":["image","docker-Network","Docker"],"tabIndex":4},"image":{"id":"image","title":"Image","url":"image.html","level":1,"parentId":"컨테이너","tabIndex":0},"docker-Network":{"id":"docker-Network","title":"Network","url":"docker-network.html","level":1,"parentId":"컨테이너","tabIndex":1},"Docker":{"id":"Docker","title":"Docker","url":"docker.html","level":1,"parentId":"컨테이너","tabIndex":2},"모니터링":{"id":"모니터링","title":"모니터링 툴","url":"모니터링.html","level":0,"pages":["Grafana","Prometheus","Thanos","Zabbix","PMM2","InfluxDB"],"tabIndex":5},"Grafana":{"id":"Grafana","title":"Grafana","url":"grafana.html","level":1,"parentId":"모니터링","pages":["grafana-Install"],"tabIndex":0},"grafana-Install":{"id":"grafana-Install","title":"Install","url":"grafana-install.html","level":2,"parentId":"Grafana","tabIndex":0},"Prometheus":{"id":"Prometheus","title":"Prometheus","url":"prometheus.html","level":1,"parentId":"모니터링","pages":["prometheus-Introduce","prometheus-Install"],"tabIndex":1},"prometheus-Introduce":{"id":"prometheus-Introduce","title":"Introduce","url":"prometheus-introduce.html","level":2,"parentId":"Prometheus","tabIndex":0},"prometheus-Install":{"id":"prometheus-Install","title":"Install","url":"prometheus-install.html","level":2,"parentId":"Prometheus","tabIndex":1},"Thanos":{"id":"Thanos","title":"Thanos","url":"thanos.html","level":1,"parentId":"모니터링","pages":["thanos-Install","thanos-Component"],"tabIndex":2},"thanos-Install":{"id":"thanos-Install","title":"Install","url":"thanos-install.html","level":2,"parentId":"Thanos","tabIndex":0},"thanos-Component":{"id":"thanos-Component","title":"Component","url":"thanos-component.html","level":2,"parentId":"Thanos","tabIndex":1},"Zabbix":{"id":"Zabbix","title":"Zabbix","url":"zabbix.html","level":1,"parentId":"모니터링","tabIndex":3},"PMM2":{"id":"PMM2","title":"PMM2","url":"pmm2.html","level":1,"parentId":"모니터링","tabIndex":4},"InfluxDB":{"id":"InfluxDB","title":"InfluxDB","url":"influxdb.html","level":1,"parentId":"모니터링","tabIndex":5}}},"topLevelIds":["Section-Starting-Page","Starter","계정관리","scm","컨테이너","모니터링"]}